{
    "parent": "minecraft:item/generated",
    "textures": {
      "layer0": "minecraft:item/chainmail_leggings"
    },
    "overrides": [
        {
            "predicate": {
              "custom_model_data": 11
            },
            "model": "minecraft:item/stone_leggings"
        },
        {
            "predicate": {
              "custom_model_data": 17
            },
            "model": "minecraft:item/coal_leggings"
        },
        {
            "predicate": {
              "custom_model_data": 41
            },
            "model": "minecraft:item/netherrack_leggings"
        },
        {
            "predicate": {
              "custom_model_data": 47
            },
            "model": "minecraft:item/blackstone_leggings"
        }
    ]
  }