{
    "parent": "minecraft:item/generated",
    "textures": {
      "layer0": "minecraft:item/chainmail_boots"
    },
    "overrides": [
        {
            "predicate": {
              "custom_model_data": 12
            },
            "model": "minecraft:item/stone_boots"
        },
        {
            "predicate": {
              "custom_model_data": 18
            },
            "model": "minecraft:item/coal_boots"
        },
        {
            "predicate": {
              "custom_model_data": 42
            },
            "model": "minecraft:item/netherrack_boots"
        },
        {
            "predicate": {
              "custom_model_data": 48
            },
            "model": "minecraft:item/blackstone_boots"
        }
    ]
  }