{
  "parent": "minecraft:item/generated",
  "textures": {
    "layer0": "minecraft:item/chainmail_helmet"
  },
  "overrides": [
      {
          "predicate": {
            "custom_model_data": 9
          },
          "model": "minecraft:item/stone_helmet"
      },
      {
          "predicate": {
            "custom_model_data": 15
          },
          "model": "minecraft:item/coal_helmet"
      },
      {
          "predicate": {
            "custom_model_data": 39
          },
          "model": "minecraft:item/netherrack_helmet"
      },
      {
          "predicate": {
            "custom_model_data": 45
          },
          "model": "minecraft:item/blackstone_helmet"
      }
  ]
}