{
    "parent": "minecraft:item/generated",
    "textures": {
      "layer0": "minecraft:item/chainmail_chestplate"
    },
    "overrides": [
        {
            "predicate": {
              "custom_model_data": 10
            },
            "model": "minecraft:item/stone_chestplate"
        },
        {
            "predicate": {
              "custom_model_data": 16
            },
            "model": "minecraft:item/coal_chestplate"
        },
        {
            "predicate": {
              "custom_model_data": 40
            },
            "model": "minecraft:item/netherrack_chestplate"
        },
        {
            "predicate": {
              "custom_model_data": 46
            },
            "model": "minecraft:item/blackstone_chestplate"
        }
    ]
  }