{
    "parent": "minecraft:item/generated",
    "textures": {
      "layer0": "minecraft:item/leather_helmet",
      "layer1": "minecraft:item/leather_helmet_overlay"
    },
    "overrides": [
        {
            "predicate": {
              "custom_model_data": 3
            },
            "model": "minecraft:item/wooden_helmet"
        },
        {
            "predicate": {
              "custom_model_data": 27
            },
            "model": "minecraft:item/crimson_helmet"
        },
        {
            "predicate": {
              "custom_model_data": 33
            },
            "model": "minecraft:item/warped_helmet"
        }
    ]
  }