{
    "parent": "minecraft:item/generated",
    "textures": {
      "layer0": "minecraft:item/leather_leggings",
      "layer1": "minecraft:item/leather_leggings_overlay"
    },
    "overrides": [
        {
            "predicate": {
              "custom_model_data": 5
            },
            "model": "minecraft:item/wooden_leggings"
        },
        {
            "predicate": {
              "custom_model_data": 29
            },
            "model": "minecraft:item/crimson_leggings"
        },
        {
            "predicate": {
              "custom_model_data": 35
            },
            "model": "minecraft:item/warped_leggings"
        }
    ]
  }