{
    "parent": "minecraft:item/generated",
    "textures": {
      "layer0": "minecraft:item/leather_boots",
      "layer1": "minecraft:item/leather_boots_overlay"
    },
    "overrides": [
        {
            "predicate": {
              "custom_model_data": 6
            },
            "model": "minecraft:item/wooden_boots"
        },
        {
            "predicate": {
              "custom_model_data": 30
            },
            "model": "minecraft:item/crimson_boots"
        },
        {
            "predicate": {
              "custom_model_data": 36
            },
            "model": "minecraft:item/warped_boots"
        }
    ]
  }