{
    "parent": "minecraft:item/generated",
    "textures": {
      "layer0": "minecraft:item/leather_chestplate",
      "layer1": "minecraft:item/leather_chestplate_overlay"
    },
    "overrides": [
        {
            "predicate": {
              "custom_model_data": 4
            },
            "model": "minecraft:item/wooden_chestplate"
        },
        {
            "predicate": {
              "custom_model_data": 28
            },
            "model": "minecraft:item/crimson_chestplate"
        },
        {
            "predicate": {
              "custom_model_data": 34
            },
            "model": "minecraft:item/warped_chestplate"
        }
    ]
  }